Techstack,Links
"React, Node.js, MongoDB",https://careers.salesforce.com/en/jobs/jr266163/full-stack-software-engineer-smts/
"Java, Spring Boot, AWS",https://careers.salesforce.com/en/jobs/jr266163/full-stack-software-engineer-smts/
"Flutter, Python",https://careers.salesforce.com/en/jobs/jr266163/full-stack-software-engineer-smts/
"Spring boot, MVC",https://careers.salesforce.com/en/jobs/jr266163/full-stack-software-engineer-smts/
"React, Node.js, MongoDB",https://careers.salesforce.com/en/jobs/jr266163/full-stack-software-engineer-smts/
"React, Node.js, MongoDB",https://careers.salesforce.com/en/jobs/jr266163/full-stack-software-engineer-smts/
"React, Node.js, MongoDB",https://careers.salesforce.com/en/jobs/jr266163/full-stack-software-engineer-smts/
"React, Node.js, MongoDB",https://careers.salesforce.com/en/jobs/jr266163/full-stack-software-engineer-smts/
"React, Node.js, MongoDB",https://careers.salesforce.com/en/jobs/jr266163/full-stack-software-engineer-smts/
"React, Node.js, MongoDB",https://careers.salesforce.com/en/jobs/jr266163/full-stack-software-engineer-smts/
"React, Node.js, MongoDB",https://careers.salesforce.com/en/jobs/jr266163/full-stack-software-engineer-smts/
"React, Node.js, MongoDB",https://careers.salesforce.com/en/jobs/jr266163/full-stack-software-engineer-smts/
"React, Node.js, MongoDB",https://careers.salesforce.com/en/jobs/jr266163/full-stack-software-engineer-smts/
"React, Node.js, MongoDB",https://careers.salesforce.com/en/jobs/jr266163/full-stack-software-engineer-smts/
"React, Node.js, MongoDB",https://careers.salesforce.com/en/jobs/jr266163/full-stack-software-engineer-smts/
"React, Node.js, MongoDB",https://careers.salesforce.com/en/jobs/jr266163/full-stack-software-engineer-smts/
"React, Node.js, MongoDB",https://careers.salesforce.com/en/jobs/jr266163/full-stack-software-engineer-smts/
"React, Node.js, MongoDB",https://careers.salesforce.com/en/jobs/jr266163/full-stack-software-engineer-smts/
"React, Node.js, MongoDB",https://careers.salesforce.com/en/jobs/jr266163/full-stack-software-engineer-smts/
